App Store,Messenger
App Store,TikTok
App Store,Reproductor Mix PRO
App Store,RadarCOVID
App Store,Shazam
App Store,WhatsApp
App Store,PhotoPills
App Store,Twitter
App Store,SnapChat
Google Play Store,TikTok
Google Play Store,Reproductor Mix PRO
Google Play Store,RadarCOVID
Google Play Store,Shazam
Google Play Store,WhatsApp
Google Play Store,PhotoPills
Google Play Store,Twitter
Google Play Store,SnapChat
Google Play Store,RTNoticias
AppWorld,TikTok
AppWorld,Reproductor Mix PRO
AppWorld,RadarCOVID
AppWorld,Shazam
AppWorld,WhatsApp
AppWorld,PhotoPills
AppWorld,Twitter
AppWorld,SnapChat
MarketPlace,Reproductor Mix PRO
MarketPlace,RadarCOVID
MarketPlace,Shazam
MarketPlace,WhatsApp
MarketPlace,Twitter
MarketPlace,SnapChat
OVITienda,RadarCOVID
OVITienda,Shazam
OVITienda,WhatsApp
OVITienda,Twitter
AppCatalog,Shazam
AppCatalog,WhatsApp
AppCatalog,Twitter
AppStore,TikTok
AppStore,Reproductor Mix PRO
AppStore,RadarCOVID
AppStore,Shazam
AppStore,WhatsApp
AppStore,PhotoPills
AppStore,Twitter
AppStore,SnapChat