10035998X,Salvador23@gmail.com,990252340,650829900,C. Comercial Espacio Leon,122,09019
33252494C,Sara2@gmail.com,958900490,639388220,Avenida Cantabria,s/n,44910
14499425Y,SaraFH@gmail.com,993924080,654159980,Plaza de la Habana,122,10921
99040882B,Salvador12@gmail.com,949932150,793093440,Carrera Lorem ipsum,99,50322
90595819Y,Alfonso23@gmail.com,989489990,709998010,Avenida Lorem,13,01111
95213585X,Mari_Paz@gmail.com,998294390,799991210,Alameda del Cipres,121,01111
99911902E,Valentina2321@outlook.com,985314880,699219990,Travesia Lorem,32,09019
98050131W,Alfonso1232@gmail.com,981914880,730993990,Paseo de la Castellana,12,44110
88941939B,Mari_Paz2398@gmail.com,991122810,601509950,Alameda del Cipres,54,44910
89910915N,Antonio232@gmail.com,994341490,652215230,Avenida Lorem,122,01111
10009938G,Remedios2@gmail.com,998302890,698143990,Travesia Lorem,59,10921
59924494I,Alberto1@gmail.com,935184180,640931320,Paseo de la Castellana,s/n,38449
59399251B,Jorge23232@outlook.com,903929480,611931200,Alameda Osuna,121,10921
10509293B,Sara1998@gmail.com,993329510,609230800,Travesia Lorem,12,00001
15185899S,Jose_Manuel@gmail.com,942003490,624218040,Paseo de la Castellana,13,09190
43281494V,Sara009@gmail.com,939989250,645998340,Cuesta de los Remedios,12,38449
90183949W,Mari_Paz1212@gmail.com,919299980,648045990,Plaza de la Habana,122,01419
39085919Y,Alberto9898@gmail.com,990989420,629484900,Cuesta de los Remedios,120,38449
51999959K,Jose09Manuel@gmail.com,999208130,613518180,Alameda del Cipres,120,32082
41819999N,Marta2008@gmail.com,999952410,694032910,Paseo de la Castellana,9,09190
99221934P,Guillermo@hotmail.com,945185810,695525180,Glorieta Lorem ipsum,99,38449
85090559E,Cristina212@gmail.com,994118330,629883140,Callejon Cuesta,13,28999
29912512V,Jorgefh@gmail.com,942414990,649181420,Callejon Cuesta,99,39259
59982929E,CarmenSoto@gmail.com,985314880,629889000,C. Comercial Espacio Leon,99,00001
11495119E,AlfonsoMT@gmail.com,999929450,711819390,Travesia Lorem,32,01111
99259959S,AntonioPG@gmail.com,999208130,624924240,Acceso glorieta Santander,1,00001
83939825P,MariaUAH@gmail.com,924991380,619594330,Acceso glorieta Santander,120,44910
21595559G,AlbertoFGT@gmail.com,994203230,600315930,Alameda del Cipres,s/n,44110
82525254F,GuillermoHernandez@gmail.com,990915910,623114430,Plaza de la Habana,13,10921
95929299G,Guillermo19982@gmail.com,999208130,698455920,Acceso glorieta Santander,4,39259
29324891U,AntonioFGTE@gmail.com,999399080,633313210,Plaza de la Habana,13,00001
99598059X,Remedios9090@gmail.com,999990090,699520900,Callejon Cuesta,122,01111
81594198A,SaraZamora@yahoo.com,909495920,601398090,Carrera Lorem ipsum,32,01111
51089844F,ValentinaEsp1@gmail.com,982929090,685905500,Acceso glorieta Santander,59,09190
28999893H,MaitePozo@gmail.com,923190330,649139890,C. Comercial Espacio Leon,120,09190
99995959F,CristinaCast@gmail.com,931334950,790909040,Paseo de la Castellana,3,01111
89011995D,Juan12112@gmail.com,999414950,735509100,Paseo de la Castellana,59,00001
88809494K,Cristina13934@yahoo.com,911158490,799804390,Callejon Cuesta,1,44910
19200394N,Alberto8959@gmail.com,994989430,755299350,Glorieta Lorem ipsum,1,01111
19945889M,Remedios232311@gmail.com,900510990,788993410,Carrera Lorem ipsum,32,50322
49923899N,AntonioFernandez@gmail.com,999190020,655852230,Avenida Lorem,9,10921
42592414J,Remedios@hotmail.com,930998980,605099000,Paseo de la Castellana,59,38449
99443399H,Maite@yahoo.com,938994930,694095310,Alameda Oscura,99,28999
53995990P,Jorge@hotmail.com,939491490,600102490,Avenida Cantabria,9,30999
52101919Q,Cristina@uah.es,929028040,629154810,Glorieta Lorem ipsum,9,09190
94509225E,Rodolfo@ucm.es,905193490,624002190,Alameda Osuna,s/n,28999
95955599J,Marta@uam.es,998102490,725981430,Avenida Lorem,59,50322
53009995P,Mari_Paz_Tecnologia@upm.es,999952410,699905810,Alameda Osuna,9,10921
59995529G,Salvador_Pagudo@uah.es,940494990,681983990,Cuesta de los Remedios,s/n,44110
59995929E,Salvador_Fernando@gmail.com,940494990,680183990,Cuesta del Caminante,12,42110